pwm_us,rpm,current_A,voltage_V,power_W,force_kgf,force_N
1100,3464.7133333333336,24.298333333333332,16,388.7733333333333,-4.069476,-39.907929
1104,3468.01,24.3,16,388.8,-4.050577,-39.722587
1108,3449.07,23.78,16,380.48,-4.023361,-39.455694
1112,3421.12,23.25,16,372,-3.964394,-38.877425
1116,3409.95,22.64,16,362.24,-3.900891,-38.254675
1120,3394.78,22.07,16,353.12,-3.86914,-37.943299
1124,3373.93,21.46,16,343.36,-3.823781,-37.498478
1128,3356.28,20.98,16,335.68,-3.801101,-37.276067
1132,3323.16,20.44,16,327.04,-3.751206,-36.786763
1136,3306.57,19.9,16,318.4,-3.714918,-36.430905
1140,3282.25,19.32,16,309.12,-3.655952,-35.852637
1144,3247.62,18.74,16,299.84,-3.587913,-35.185404
1148,3223.24,18.11,16,289.76,-3.519874,-34.518172
1152,3207.09,17.53,16,280.48,-3.451835,-33.850939
1156,3176.96,17,16,272,-3.397404,-33.317153
1160,3152.96,16.45,16,263.2,-3.311222,-32.471991
1164,3111.45,15.96,16,255.36,-3.252255,-31.893723
1168,3086.3,15.48,16,247.68,-3.20236,-31.404419
1172,3061.4,14.98,16,239.68,-3.107105,-30.470293
1176,3049.78,14.43,16,230.88,-3.039066,-29.803061
1180,3003.32,14.04,16,224.64,-2.993707,-29.358239
1184,2987.73,13.55,16,216.8,-2.939276,-28.824453
1188,2952.33,13.1,16,209.6,-2.862166,-28.068255
1192,2918.2,12.74,16,203.84,-2.821342,-27.667916
1196,2895.86,12.3,16,196.8,-2.771447,-27.178612
1200,2864.72,11.93,16,190.88,-2.707944,-26.555861
1204,2845.12,11.59,16,185.44,-2.658049,-26.066557
1208,2821.23,11.2,16,179.2,-2.580938,-25.31036
1212,2792.39,10.8,16,172.8,-2.549187,-24.998985
1216,2758.52,10.5,16,168,-2.508364,-24.598645
1220,2736.37,10.27,16,164.32,-2.453933,-24.064859
1224,2712.08,9.9,16,158.4,-2.381358,-23.353144
1228,2681.26,9.5,16,152,-2.354142,-23.086251
1232,2660.64,9.2,16,147.2,-2.277032,-22.330054
1236,2629,8.9,16,142.4,-2.236209,-21.929715
1240,2598.64,8.6,16,137.6,-2.195385,-21.529375
1244,2575.93,8.2,16,131.2,-2.118275,-20.773178
1248,2547.87,7.9,16,126.4,-2.081987,-20.417321
1252,2517.32,7.57,16,121.12,-2.02302,-19.839052
1256,2482.17,7.19,16,115.04,-1.977661,-19.39423
1260,2440.17,6.89,16,110.24,-1.941374,-19.038373
1264,2418.69,6.53,16,104.48,-1.859727,-18.237694
1268,2369.48,6.29,16,100.64,-1.814368,-17.792872
1272,2345.45,6,16,96,-1.764473,-17.303568
1276,2306.38,5.75,16,92,-1.70097,-16.680817
1280,2277.85,5.5,16,88,-1.669219,-16.369442
1284,2248.15,5.3,16,84.8,-1.610252,-15.791174
1288,2222.36,5,16,80,-1.555821,-15.257388
1292,2198.72,4.8,16,76.8,-1.514997,-14.857048
1296,2156.96,4.6,16,73.6,-1.487782,-14.590155
1300,2140.15,4.4,16,70.4,-1.437887,-14.100851
1304,2105.77,4.2,16,67.2,-1.397063,-13.700511
1308,2081.37,3.98,16,63.68,-1.347168,-13.211207
1312,2039.83,3.7,16,59.2,-1.301809,-12.766386
1316,2001.27,3.58,16,57.28,-1.25645,-12.321564
1320,1968.2,3.39,16,54.24,-1.202019,-11.787778
1324,1935.5,3.2,16,51.2,-1.161196,-11.387438
1328,1902.76,3,16,48,-1.120372,-10.987098
1332,1869.56,2.84,16,45.44,-1.102229,-10.80917
1336,1839.98,2.7,16,43.2,-1.052333,-10.319866
1340,1807.39,2.4,16,38.4,-1.020582,-10.00849
1344,1773.08,2.3,16,36.8,-0.979759,-9.608151
1348,1737.6,2.1,16,33.6,-0.943471,-9.252293
1352,1704.96,2,16,32,-0.902648,-8.851954
1356,1667.06,1.9,16,30.4,-0.870897,-8.540579
1360,1630.35,1.7,16,27.2,-0.821002,-8.051275
1364,1589.17,1.6,16,25.6,-0.784714,-7.695417
1368,1553.88,1.5,16,24,-0.743891,-7.295077
1372,1518.54,1.4,16,22.4,-0.716675,-7.028184
1376,1481.78,1.3,16,20.8,-0.680388,-6.672327
1380,1448.45,1.2,16,19.2,-0.648637,-6.360952
1384,1409.65,1.1,16,17.6,-0.616885,-6.049576
1388,1362.08,1,16,16,-0.580598,-5.693719
1392,1324.67,0.9,16,14.4,-0.539774,-5.293379
1396,1284.84,0.8,16,12.8,-0.512559,-5.026486
1400,1246.14,0.7,16,11.2,-0.480808,-4.715111
1404,1199.38,0.66,16,10.56,-0.44452,-4.359254
1408,1152.94,0.56,16,8.96,-0.417305,-4.092361
1412,1112.71,0.5,16,8,-0.385553,-3.780985
1416,1064.11,0.4,16,6.4,-0.353802,-3.46961
1420,1016.48,0.4,16,6.4,-0.32205,-3.158235
1424,969.68,0.37,16,5.92,-0.294835,-2.891342
1428,916.03,0.3,16,4.8,-0.258547,-2.535484
1432,868.6,0.2,16,3.2,-0.235868,-2.313073
1436,809.94,0.2,16,3.2,-0.208652,-2.04618
1440,758.15,0.2,16,3.2,-0.181437,-1.779287
1444,697.28,0.1,16,1.6,-0.149685,-1.467912
1448,641.26,0.1,16,1.6,-0.127006,-1.245501
1452,577.81,0.1,16,1.6,-0.104326,-1.02309
1456,513.25,0.05,16,0.8,-0.086182,-0.845161
1460,449.5,0.05,16,0.8,-0.068039,-0.667233
1464,388.48,0.05,16,0.8,-0.049895,-0.489304
1468,317.17,0.05,16,0.8,-0.036287,-0.355857
1472,0,0,16,0,0,0.0
1476,0,0,16,0,0,0.0
1480,0,0,16,0,0,0.0
1484,0,0,16,0,0,0.0
1488,0,0,16,0,0,0.0
1492,0,0,16,0,0,0.0
1496,0,0,16,0,0,0.0
1500,0,0,16,0,0,0.0
1504,0,0,16,0,0,0.0
1508,0,0,16,0,0,0.0
1512,0,0,16,0,0,0.0
1516,0,0,16,0,0,0.0
1520,0,0,16,0,0,0.0
1524,0,0,16,0,0,0.0
1528,0,0,16,0,0,0.0
1532,308.25,0.05,16,0.8,0.040823,0.40034
1536,374.8,0.05,16,0.8,0.054431,0.533786
1540,440.8,0.05,16,0.8,0.077111,0.756197
1544,508.01,0.05,16,0.8,0.09979,0.978608
1548,572.86,0.1,16,1.6,0.127006,1.245501
1552,630.43,0.1,16,1.6,0.154221,1.512394
1556,688.25,0.1,16,1.6,0.181437,1.779287
1560,749.32,0.2,16,3.2,0.217724,2.135145
1564,803.61,0.2,16,3.2,0.249476,2.44652
1568,859.4,0.2,16,3.2,0.290299,2.84686
1572,906.13,0.3,16,4.8,0.32205,3.158235
1576,961.53,0.4,16,6.4,0.358338,3.514092
1580,1007.38,0.4,16,6.4,0.399161,3.914432
1584,1056.66,0.5,16,8,0.435448,4.270289
1588,1104.32,0.5,16,8,0.471736,4.626147
1592,1147.5,0.6,16,9.6,0.512559,5.026486
1596,1194.61,0.7,16,11.2,0.557918,5.471308
1600,1237.07,0.8,16,12.8,0.603277,5.91613
1604,1278.89,0.8,16,12.8,0.639565,6.271987
1608,1319.08,0.9,16,14.4,0.680388,6.672327
1612,1359.21,1,16,16,0.721211,7.072667
1616,1408.65,1.1,16,17.6,0.775642,7.606453
1620,1443.5,1.2,16,19.2,0.816466,8.006792
1624,1479.63,1.3,16,20.8,0.870897,8.540579
1628,1516.03,1.45,16,23.2,0.907184,8.896436
1632,1548.64,1.5,16,24,0.948007,9.296776
1636,1583.02,1.6,16,25.6,0.993366,9.741597
1640,1628.86,1.8,16,28.8,1.03419,10.141937
1644,1668.42,2,16,32,1.097693,10.764688
1648,1699.09,2.1,16,33.6,1.143052,11.209509
1652,1739.95,2.2,16,35.2,1.183875,11.609849
1656,1766.18,2.4,16,38.4,1.238306,12.143635
1660,1802.32,2.6,16,41.6,1.279129,12.543975
1664,1835.1,2.8,16,44.8,1.329025,13.033279
1668,1865.47,2.9,16,46.4,1.387992,13.611547
1672,1900.85,3.1,16,49.6,1.437887,14.100851
1676,1929.78,3.3,16,52.8,1.483246,14.545673
1680,1960.82,3.5,16,56,1.537677,15.079459
1684,1994.08,3.7,16,59.2,1.587572,15.568763
1688,2030.99,3.9,16,62.4,1.651075,16.191513
1692,2071.37,4.1,16,65.6,1.691898,16.591853
1696,2106.28,4.3,16,68.8,1.759937,17.259086
1700,2128.7,4.58,16,73.28,1.82344,17.881836
1704,2160.39,4.7,16,75.2,1.877871,18.415622
1708,2189.6,5,16,80,1.932302,18.949409
1712,2219.18,5.2,16,83.2,1.991269,19.527677
1716,2243.76,5.42,16,86.72,2.0457,20.061463
1720,2266.35,5.69,16,91.04,2.122811,20.81766
1724,2305.35,5.9,16,94.4,2.177242,21.351446
1728,2341.59,6.19,16,99.04,2.218065,21.751786
1732,2391.8,6.4,16,102.4,2.277032,22.330054
1736,2415.81,6.7,16,107.2,2.381358,23.353144
1740,2445.98,7,16,112,2.431253,23.842448
1744,2475.13,7.4,16,118.4,2.517436,24.68761
1748,2497.91,7.7,16,123.2,2.576403,25.265878
1752,2537.88,8.04,16,128.64,2.653513,26.022075
1756,2583.51,8.4,16,134.4,2.730624,26.778272
1760,2608.66,8.7,16,139.2,2.757839,27.045165
1764,2639.26,9.03,16,144.48,2.839486,27.845845
1768,2663.25,9.34,16,149.44,2.889381,28.335149
1772,2688.12,9.69,16,155.04,2.975564,29.18031
1776,2710.8,10.01,16,160.16,3.052674,29.936507
1780,2735.48,10.4,16,166.4,3.107105,30.470293
1784,2765.9,10.68,16,170.88,3.170608,31.093044
1788,2809.4,10.9,16,174.4,3.215967,31.537866
1792,2822.46,11.3,16,180.8,3.30215,32.383027
1796,2853.6,11.64,16,186.24,3.374724,33.094742
1800,2888,11.93,16,190.88,3.420084,33.539564
1804,2903.17,12.38,16,198.08,3.510802,34.429207
1808,2933.63,12.79,16,204.64,3.606056,35.363333
1812,2973.17,13.14,16,210.24,3.683167,36.11953
1816,3001.72,13.54,16,216.64,3.737598,36.653316
1820,3041.86,13.99,16,223.84,3.819245,37.453995
1824,3065.09,14.46,16,231.36,3.887283,38.121228
1828,3107.61,14.86,16,237.76,3.955322,38.788461
1832,3124.51,15.4,16,246.4,4.059648,39.811551
1836,3153.38,15.86,16,253.76,4.145831,40.656712
1840,3180.33,16.41,16,262.56,4.254693,41.724285
1844,3204.34,16.97,16,271.52,4.304588,42.213589
1848,3242.32,17.42,16,278.72,4.381699,42.969786
1852,3260.1,18,16,288,4.508704,44.215287
1856,3299.33,18.5,16,296,4.526848,44.393216
1860,3307.84,19.13,16,306.08,4.649318,45.594234
1864,3351.13,19.59,16,313.44,4.708285,46.172503
1868,3378.76,20.15,16,322.4,4.785396,46.9287
1872,3405.6,20.67,16,330.72,4.835291,47.418004
1876,3427.86,21.13,16,338.08,4.930545,48.35213
1880,3437.91,21.8,16,348.8,5.012192,49.152809
1884,3454.99,22.38,16,358.08,5.075694,49.775559
1888,3493.84,22.81,16,364.96,5.143733,50.442792
1892,3515.95,23.28,16,372.48,5.175485,50.754167
1896,3527.23,23.9,16,382.4,5.220844,51.198989
1900,3533.445,23.83,16,381.28,5.245035,51.436227
